address,total_permits,issued_permits
0001,1,1
0010,16,11
0011,66,46
0012,31,12
0013,21,12
0014,8,1
0015,1,0
0018,13,9
0020,6,2
0022,4,3
0023,8,7
0024,29,17
0025,31,12
0026,16,7
0026T,1,0
0027,15,10
0028,12,5
0029,19,8
0030,17,7
0031,11,6
0032,2,2
0034,5,0
0037,1,0
0039,14,7
0040,14,7
0041,40,28
0042,12,10
0043,8,8
0044,16,11
0045,20,12
0047,20,16
0047C,4,2
0048,16,11
0049,4,1
0050,8,6
0051,19,10
0052,11,7
0054,37,32
0055,4,1
0056,4,1
0057,1,0
0059,14,10
0060,12,5
0061,22,13
0062,23,16
0063,13,10
0064,10,5
0065,27,12
0066,20,14
0067,15,11
0068,24,15
0069,12,10
0071,41,26
0071C,1,0
0072,14,9
0073,8,4
0074,34,18
0075,2,2
0076,19,12
0077,25,22
0078,23,16
0079,10,6
0080,2,2
0081,8,5
0084,6,4
0085,19,9
0086,8,4
0087,21,7
0088,32,15
0089,14,7
0090,39,15
0091,34,25
0092,19,13
0093,15,6
0094,19,17
0095,27,17
0095C,1,1
0096,35,16
0097,14,5
00979,4,2
0097C,1,1
0098,20,13
0098C,5,3
0099,14,12
0100,14,12
0101,29,19
0103,34,19
0104,18,13
0105,18,10
0106,19,11
0107,15,10
0108,9,9
0111,9,2
0112,21,7
0113,8,3
0114,26,12
0115,32,16
0116,34,10
0117,35,14
0118,10,4
0119,32,24
0120,24,14
0121,16,12
0121A,4,0
0122,26,19
0123,18,15
0124,22,20
0125,44,27
0126,19,12
0127,26,16
0128,20,11
0128C,2,0
0129,23,18
0130,24,11
0131,9,4
0132,21,6
0133,17,5
0134,16,11
0135,4,3
0136,14,4
0137,3,0
0140,5,0
0141,6,4
0142,16,8
0143,29,12
0144,20,10
0145,58,32
0146,22,10
0147,32,15
0148,20,13
0149,11,5
0150,13,6
0151,32,19
0152,10,3
0153,7,3
0154,16,10
0155,23,17
0156,22,8
0157,37,21
0158,16,6
0159,14,6
0160,12,4
0161,58,27
0162,25,18
0163,25,19
0164,27,17
0165,7,3
0166,16,8
0167,9,5
0168,21,18
0171,12,7
0173,23,16
0174,27,15
0175,40,11
0176,70,27
0177,52,34
0178,17,10
0179,39,26
0180,23,16
0181,27,19
0182,19,12
0183,38,28
0184,15,8
0185,30,22
0186,26,22
0187,22,14
0188,21,18
0189,16,15
0190,14,9
0191,10,3
0192,15,7
0193,21,13
0194,34,16
0195,28,16
0196,49,31
0198,22,16
0199,29,25
0200,30,28
0204,56,35
0206,34,30
0207,55,30
0208,131,87
0209,20,14
0210,30,15
0210A,5,1
0211,20,19
0212,19,16
0213,17,11
0214,39,31
0215,23,19
0215C,7,6
0216,13,6
0217,38,20
0218,17,10
0219,25,12
0220,17,12
0221,38,21
0222,23,14
0222A,9,5
0222C,2,2
0223,12,9
0224,18,8
0224A,1,0
0225,32,20
0226,39,18
0227,71,48
0228,64,39
0229,32,18
0230,40,32
0231,21,11
0232,29,15
0233,51,32
0234,15,7
0235,46,26
0236,56,33
0237,114,92
0238,63,47
0239,54,28
0240,84,65
0241,930,626
0242,31,19
0243,19,10
0244,13,10
0245,2,1
0246,2,2
0247,44,31
0247C,1,0
0248,18,8
0249,14,10
0250,20,16
0251,30,21
0252,21,18
0252C,2,1
0253,8,5
0253A,9,4
0253T,1,1
0254,21,10
0255,6,3
0256,26,10
0256T,2,1
0257,6,1
0258,50,36
0259,174,102
0260,48,26
0261,142,116
0262,105,86
0263,78,48
0264,24,13
0265,6,5
0266,95,68
0267,20,7
0268,66,44
0269,57,38
0270,33,14
0271,17,4
0272,21,15
0273,35,11
0274,18,12
0275,12,7
0275A,3,2
0275B,12,6
0276,45,29
0277,10,4
0278,29,20
0279,26,15
0280,11,7
0281,10,5
0282,16,6
0283,39,22
0284,41,18
0285,46,26
0286,17,4
0287,61,37
0288,69,33
0289,127,71
0290,12,9
0291,95,58
0292,49,31
0293,59,43
0294,45,22
0295,35,24
0296,53,27
0297,37,20
0298,24,4
0299,32,18
0300,26,10
0301,29,10
0302,17,11
0303,27,15
0304,36,10
0305,33,12
0306,41,24
0307,24,11
0308,2,0
0309,108,57
0310,47,21
0311,118,76
0312,47,21
0313,29,14
0314,34,8
0315,76,39
0316,17,9
0317,33,19
0318,29,19
0319,36,21
0320,18,9
0321,40,14
0322,32,15
0322A,3,0
0323,24,22
0324,24,13
0325,8,2
0326,23,6
0327,25,6
0328,26,12
0329,18,6
0330,39,31
0331,20,7
0332,7,6
0333,35,12
0334,29,20
0335,19,8
0336,35,21
0337,19,3
0338,32,21
0339,23,12
0340,12,7
0341,22,9
0342,12,1
0343,15,3
0344,27,11
0345,23,10
0346,21,8
0347,14,5
0348,4,1
0349,30,9
0350,18,10
0351,29,15
0354,4,3
0355,33,14
0405,3,2
0417A,8,8
0417B,14,8
0418A,17,14
0419A,5,1
0436B,2,1
0436C,10,9
0436D,28,21
0436E,18,12
0436F,14,13
0438A,28,27
0439A,17,11
0440,1,1
0440A,6,5
0440B,2,2
0441A,5,1
0441B,10,8
0442A,22,15
0443A,21,14
0445A,27,25
0446,13,12
0451,17,10
0452,79,66
0452T,1,0
0453,24,14
0459,18,2
0460A,19,14
0462A,17,15
0463A,12,7
0464A,6,1
0465A,7,5
0466A,15,9
0467A,14,11
0471,12,8
0472,29,19
0473,4,4
0474,10,8
0476,27,15
0477,16,9
0478,30,9
0479,23,12
0480,3,3
0481,10,9
0482,17,12
0486A,34,12
0488A,15,11
0489,16,7
0490,37,27
0491,20,11
0492,14,2
0493,16,12
0494,18,12
0495,25,18
0496,20,12
0497,14,9
0498,34,19
0499,14,6
0500,27,18
0501,21,15
0502,14,8
0503,22,11
0504,15,13
0505,19,14
0506,24,19
0507,17,13
0508,17,6
0509,20,12
0510,18,13
0511,5,5
0512,7,4
0513,10,6
0514,16,8
0515,28,12
0516,26,11
0517,14,11
0518,24,19
0519,31,20
0520,18,11
0521,14,14
0522,7,3
0523,12,6
0524,22,16
0525,28,14
0526,18,7
0527,29,17
0528,25,17
0529,37,24
0530,18,12
0531,36,19
0532,27,17
0533,26,8
0534,14,11
0535,19,9
0536,11,5
0537,18,9
0538,7,2
0539,57,37
0540,11,6
0541,23,10
0542,28,13
0543,51,36
0544,19,11
0546,6,4
0547,11,6
0548,19,12
0549,7,2
0550,27,21
0551,19,13
0552,15,12
0553,18,9
0554,25,16
0554C,3,2
0555,22,13
0556,33,21
0557,26,16
0558,26,17
0559,24,20
0560,18,14
0561,18,5
0562,15,8
0563,15,10
0564,7,4
0565,10,9
0566,13,10
0567,19,10
0567C,1,1
0568,13,11
0569,13,11
0570,35,19
0571,6,1
0572,13,8
0573,16,11
0574,13,10
0575,2,0
0576,14,5
0577,11,3
0578,12,10
0579,19,18
0580,14,8
0580C,1,1
0581,15,10
0582,19,7
0583,7,6
0584,11,3
0585,17,11
0586,15,10
0587,10,6
0588,12,7
0589,19,13
0590,32,11
0591,5,4
0592,23,16
0593,11,9
0594,10,8
0595,14,8
0596,20,10
0597,23,16
0598,32,28
0599,5,2
0600,2,1
0601,3,2
0601C,8,3
0602,10,5
0603,18,14
0604,20,9
0605,18,6
0606,19,11
0611,14,6
0612,36,19
0613,13,6
0614,4,3
0617,22,17
0618,9,5
0619,8,6
0620,14,10
0621,17,11
0622,26,17
0623,16,14
0624,14,4
0625,2,1
0625C,1,1
0627,12,9
0627A,4,1
0628,13,3
0629,19,12
0630,41,25
0631,23,15
0632,51,37
0633,16,10
0633B,1,1
0634,15,9
0635,32,15
0636,23,11
0637,17,6
0638,16,12
0638A,1,1
0639,6,3
0640,26,12
0641,14,8
0641C,3,3
0642,16,9
0643,14,4
0644,13,4
0645,18,11
0646,27,13
0647,8,2
0648,11,8
0649,6,3
0650,15,11
0651,16,8
0652,13,5
0653,26,11
0654,19,7
0655,7,4
0656,14,7
0657,19,14
0659,32,17
0660,12,5
0661,16,4
0662,20,13
0663,27,14
0664,19,11
0665,16,9
0666,36,23
0667,14,9
0668,11,6
0669,13,6
0670,18,8
0671,26,18
0672,9,2
0673,10,5
0674,6,5
0675,8,7
0676,12,5
0677,18,10
0678,11,8
0679,13,8
0680,5,0
0681,17,10
0682,7,6
0683,28,22
0684,15,7
0685,17,7
0686,15,6
0687,8,5
0688,14,5
0689,23,5
0690,15,10
0691,9,1
0692,23,7
0693,26,11
0694,6,3
0695,14,10
0696,5,1
0697,16,9
0700,10,5
0701,18,9
0702,2,1
0707,14,4
0708,9,0
0709C,8,6
0710,3,2
0710C,5,3
0711,1,1
0711C,4,3
0712,6,4
0713,4,0
0714,23,11
0715,15,3
0716,7,2
0717,12,8
0718,15,6
0719,9,5
0720,4,2
0723,3,1
0723C,3,2
0724,5,4
0725,5,0
0726,6,1
0728,38,34
0730,10,8
0731,2,0
0732,3,3
0733,1,1
0734,2,1
0735,10,6
0737,6,5
0738,12,3
0739,5,1
0740,31,19
0741,15,10
0742,26,16
0743,6,2
0744,4,3
0748,2,1
0749,14,12
0751,7,5
0753,9,6
0754,8,3
0755,4,4
0756,3,1
0759,5,3
0761,7,4
0762,11,8
0763,9,7
0765,1,0
0766,12,3
0770,2,1
0771,2,1
0773,4,3
0774,4,2
0775,8,8
0776,6,2
0777,10,7
0778,9,4
0779,10,2
0780,2,2
0781,3,2
0783,2,0
0785,6,3
0786A,3,2
0787,1,0
0788,1,0
0792,8,4
0792T,1,1
0793,10,5
0794,8,4
0795,3,3
0796,2,0
0797,9,5
0798,15,10
0803,13,8
0804,16,6
0805,9,4
0806,11,7
0807,32,21
0808,21,9
0809,19,6
0811,6,3
0812,1,1
0813,17,6
0814,17,10
0816,17,7
0817,7,3
0818,31,15
0819,14,8
0820,8,5
0821,15,12
0822,12,7
0823,2,1
0824,17,9
0825,26,10
0826,15,9
0827,12,2
0828,22,12
0829,19,6
0830,20,6
0831,7,2
0832,9,8
0833,13,7
0834,37,20
0835,7,0
0836,13,9
0837,8,3
0838,13,8
0839,24,16
0840,10,7
0841,17,13
0842,26,23
0843,14,7
0844,14,10
0845,16,8
0846,17,2
0847,19,6
0848,19,6
0849,22,16
0850,2,2
0851,10,4
0852,10,6
0853,14,11
0854,9,4
0855,6,3
0856,14,9
0857,6,2
0858,15,8
0859,24,10
0860,34,16
0861,19,10
0862,32,20
0863,3,0
0864,13,8
0865,13,12
0866,14,5
0867,19,14
0868,17,10
0869,12,5
0870,1,1
0871,14,5
0872,13,4
0874,9,5
0875,15,12
0900,3,2
0909,6,4
0910,20,12
0911,10,4
0912,12,7
0913,16,7
0914,23,15
0915,17,15
0916,2,0
0918,20,10
0919,13,9
0920,3,2
0921,4,3
0922,8,4
0923,10,7
0925,9,7
0926,6,4
0927,20,11
0928,6,5
0929,10,7
0930,12,6
0931,18,12
0932,6,5
0933,6,6
0934,13,9
0935,6,4
0936,33,25
0937,12,5
0938,13,6
0939,11,9
0940,16,11
0941,14,10
0942,12,8
0943,7,5
0944,7,4
0945,23,20
0946,16,11
0947,28,16
0948,9,4
0949,17,11
0950,18,11
0951,16,11
0951A,1,1
0952,9,7
0953,16,10
0954,10,8
0955,30,18
0956,10,4
0956A,1,0
0957,6,3
0958,10,6
0959,14,10
0960,12,2
0961,6,3
0962,5,5
0963,8,4
0964,6,2
0965,2,1
0966,2,0
0967,3,2
0968,9,8
0969,4,1
0970,9,5
0971,12,6
0972,16,11
0973,12,5
0974,12,6
0975,12,9
0976,29,13
0977,19,16
0978,8,4
0979,17,7
0980,13,2
0981,27,20
0982,9,4
0983,8,4
0984,14,11
0985,13,7
0986,15,9
0987,8,6
0988,8,8
0989,13,8
0990,3,1
0991,27,16
0992,13,7
0993,10,5
0994,18,9
0995,12,7
0996,12,7
0997,7,3
0998,22,13
0999,27,16
1000,20,15
1001,7,5
1002,9,4
1003,42,33
1004,13,8
1005,4,3
1006,11,6
1007,13,8
1008,24,12
1009,14,9
1010,27,17
1011,45,33
1012,26,17
1013,40,14
1014,29,18
1015,27,13
1016,2,1
1017,14,8
1018,21,17
1019,13,6
1020,15,8
1021,9,7
1022,6,1
1023,12,10
1024,11,5
1025,35,18
1026,24,13
1027,4,0
1028,11,3
1029,32,18
1030,15,11
1031,20,15
1032,8,3
1034,14,12
1035,10,8
1036,21,16
1037,18,10
1038,11,7
1039,15,9
1040,11,7
1041,4,2
1042,10,8
1043,2,2
1044,4,4
1045,8,4
1046,11,6
1047,16,8
1048,18,14
1049,28,17
1050,7,2
1051,10,7
1052,3,2
1053,13,8
1054,15,7
1055,13,7
1057,4,3
1058,2,0
1061,9,5
1062,17,9
1063,16,10
1064,17,13
1065,21,17
1066,13,5
1067,15,10
1068,5,0
1069,18,7
1070,5,0
1071,5,1
1073,10,7
1074,16,9
1076,9,4
1077,1,1
1078,6,4
1079,21,11
1080,20,10
1081,21,7
1082,12,9
1084,12,2
1085,9,5
1086,8,3
1087,3,1
1088,10,9
1089,8,4
1090,18,11
1091,3,2
1092,13,8
1094,12,2
1098,12,1
1099,6,6
1100,8,6
1101,11,7
1102,1,0
1103,2,1
1104,10,7
1105,1,1
1107,14,8
1108,4,2
1109,9,9
1110,1,1
1111,2,2
1112,4,4
1113,10,5
1114,7,7
1115,8,7
1116,5,4
1117,2,0
1118,2,0
1119,2,1
1125,1,0
1126,18,10
1127,12,4
1129,9,5
1130,2,1
1131,1,1
1132,7,5
1133,5,2
1134,2,2
1135,9,3
1136,7,3
1137,5,2
1138,9,7
1140,2,2
1141,7,3
1142,8,6
1143,4,3
1144,7,5
1145,8,7
1145A,7,3
1146,2,1
1147,3,3
1148,1,1
1149,9,8
1150,3,0
1151,9,3
1152,5,3
1153,11,7
1154,19,12
1155,9,5
1156,11,6
1157,8,4
1158,18,4
1159,7,2
1160,6,5
1161,5,0
1162,4,2
1163,7,4
1166,15,6
1167,8,5
1168,11,4
1169,17,7
1170,7,2
1173,6,2
1174,6,4
1175,8,3
1176,11,4
1177,11,4
1178,24,15
1179,8,4
1180,21,15
1181,23,16
1182,15,7
1183,11,7
1184,35,28
1185,8,2
1186,18,3
1187,12,10
1188,10,9
1189,16,10
1190,5,3
1191,1,1
1193,15,6
1194,7,4
1195,17,11
1197,15,9
1198,25,19
1199,10,3
1200,12,6
1201,12,11
1202,9,4
1203,17,15
1204,20,12
1205,23,10
1206,4,4
1207,7,4
1208,9,4
1209,37,28
1210,13,4
1211,16,7
1212,7,4
1213,14,5
1215,11,6
1216,13,4
1217,15,11
1218,18,13
1219,15,7
1220,17,12
1221,16,9
1222,14,7
1223,12,8
1224,32,23
1225,19,12
1226,10,6
1227,10,8
1228,12,9
1229,12,9
1230,20,15
1231,20,11
1232,13,8
1233,15,9
1234,20,9
1235,10,1
1236,12,6
1237,13,6
1238,10,6
1239,9,5
1240,13,11
1241,16,10
1242,1,1
1243,17,14
1244,13,5
1245,25,11
1246,9,5
1247,11,6
1248,19,4
1249,16,7
1250,3,1
1251,2,1
1252,22,8
1253,25,15
1254,25,14
1255,20,14
1256,16,8
1257,6,2
1258,5,3
1259,19,11
1260,9,1
1261,4,2
1262,10,7
1263,3,0
1265,9,7
1266,8,5
1267,26,11
1268,7,3
1269,53,26
1270,28,18
1271,20,12
1272,15,5
1273,9,6
1274,15,9
1275,31,20
1276,11,10
1277,11,8
1278,6,2
1279,23,12
1280,7,6
1281,2,0
1282,11,4
1284,11,5
1285,6,2
1286,10,4
1287,10,6
1288,7,6
1289,20,11
1290,3,3
1291,9,7
1292,7,4
1293,4,3
1294,2,2
1300,4,0
1301,9,6
1302,13,10
1303,6,3
1304,6,5
1305,14,10
1306,10,5
1307,12,5
1308,3,1
1309,2,0
1312,5,5
1313,2,1
1326,3,0
1327,9,6
1328,4,2
1329,6,4
1330,5,1
1331,10,6
1332,14,6
1333,6,2
1334,9,7
1335,6,3
1336,9,3
1337,8,6
1338,4,3
1339,2,0
1340,4,2
1341,4,2
1342,6,4
1343,1,0
1344,8,4
1346,5,3
1347,3,1
1348,6,3
1349,4,4
1350,9,4
1351,8,6
1352,24,13
1353,11,7
1354,8,3
1355,31,23
1361,20,11
1362,5,5
1363,12,6
1364,15,8
1365,19,12
1366,7,5
1367,12,8
1368,24,19
1369,14,8
1370,14,10
1371,8,4
1372,16,10
1374,14,11
1375,9,4
1376,14,13
1377,8,4
1378,4,3
1379,11,9
1380,24,19
1381,24,14
1382,10,9
1383,9,7
1384,5,0
1385,12,8
1386,8,6
1387,18,11
1388,5,4
1389,3,2
1390,5,2
1391,4,1
1392,3,1
1401,3,1
1402,21,9
1403,13,10
1404,24,13
1405,24,10
1406,9,5
1407,17,12
1408,9,6
1409,5,4
1410,23,18
1411,7,5
1412,18,12
1413,15,10
1414,14,5
1415,11,6
1416,10,7
1417,12,7
1418,21,15
1419,12,9
1421,6,4
1422,11,9
1423,10,4
1424,7,4
1425,11,7
1426,19,12
1427,13,4
1428,13,8
1429,23,9
1430,35,24
1431,10,8
1432,12,8
1433,11,5
1434,16,8
1435,21,13
1436,18,11
1437,20,10
1438,11,6
1439,24,15
1440,7,5
1441,15,8
1442,21,11
1443,6,5
1444,22,11
1446,16,13
1447,17,12
1448,10,4
1449,12,5
1450,22,5
1451,14,9
1452,10,5
1453,22,14
1454,11,4
1455,5,3
1456,16,5
1457,23,16
1458,11,8
1459,12,8
1460,4,2
1462,9,8
1463,13,7
1464,19,17
1465,18,10
1466,12,10
1467,18,13
1468,8,6
1469,2,1
1469A,6,4
1470,11,5
1471,4,2
1472,6,4
1473,9,7
1474,13,7
1475,5,4
1476,4,4
1481,7,5
1482,5,4
1483,4,2
1488,4,2
1490,3,2
1491,1,1
1492,1,1
1493,1,0
1497,16,11
1498,9,8
1499,12,8
1500,12,10
1501,7,4
1502,10,7
1503,11,9
1504,9,8
1505,9,5
1506,9,4
1507,18,13
1508,9,8
1509,15,11
1510,13,12
1511,10,7
1512,9,5
1515,2,1
1516,10,5
1517,16,10
1518,10,4
1519,22,15
1520,20,15
1521,6,3
1522,30,12
1523,8,5
1524,18,13
1525,16,11
1526,15,9
1527,22,10
1528,6,1
1529,18,10
1530,10,7
1532,9,9
1533,2,2
1534,7,3
1535,15,10
1536,9,4
1537,15,11
1538,14,9
1539,14,8
1540,12,6
1541,7,6
1542,15,11
1543,12,8
1544,17,14
1545,9,6
1546,14,8
1547,16,12
1548,9,7
1549,16,11
1550,4,1
1551,14,11
1552,4,3
1553,13,7
1554,14,11
1555,6,4
1557,15,11
1558,9,6
1559,6,4
1560,15,11
1561,12,10
1562,16,12
1563,12,8
1564,4,4
1565,7,6
1566,10,9
1567,12,7
1568,13,12
1569,10,8
1570,9,5
1571,9,6
1572,4,3
1574,4,1
1575,13,9
1576,14,10
1577,14,6
1578,15,11
1579,6,6
1580,10,6
1581,9,5
1582,16,11
1583,14,9
1584,11,10
1585,8,8
1586,10,8
1587,18,9
1588,10,5
1589,5,4
1590,7,4
1591,8,3
1593,8,7
1594,6,2
1595,4,0
1596,3,2
1597,8,4
1598,12,9
1599,11,9
1600,7,5
1601,11,7
1602,6,4
1603,18,6
1604,14,7
1605,7,4
1606,10,6
1607,9,3
1608,6,5
1609,9,2
1610,8,5
1611,8,4
1612,10,6
1613,12,6
1614,6,5
1615,3,1
1616,4,4
1617,8,3
1618,10,8
1619,7,4
1620,1,0
1621,11,8
1622,12,7
1623,16,11
1624,7,5
1625,8,5
1626,17,10
1627,8,5
1628,15,9
1629,4,4
1630,20,13
1632,6,5
1633,16,13
1634,7,4
1635,18,9
1636,6,5
1637,14,9
1638,16,9
1639,9,5
1640,12,10
1641,12,7
1642,13,9
1643,19,10
1644,5,4
1645,6,6
1646,6,5
1647,9,6
1648,11,8
1649,10,9
1650,5,3
1651,7,3
1652,15,13
1653,9,4
1654,9,6
1655,6,5
1657,18,16
1658,10,4
1659,6,4
1660,6,3
1661,13,6
1662,5,3
1663,13,5
1664,11,3
1665,10,8
1666,12,9
1667,6,4
1668,14,11
1669,12,6
1670,11,7
1671,13,10
1672,9,7
1673,11,5
1674,11,5
1675,7,6
1676,6,5
1677,9,6
1678,7,2
1679,4,4
1680,14,12
1681,7,5
1682,12,6
1683,8,5
1684,13,5
1685,6,4
1686,9,6
1687,11,10
1688,6,4
1689,11,7
1690,8,3
1691,1,0
1692,4,3
1700,7,1
1701,1,0
1702,1,1
1703,18,10
1704,16,9
1705,7,3
1706,10,5
1707,9,7
1708,4,3
1709,9,7
1710,9,1
1711,3,2
1712,8,5
1713,3,2
1715,7,4
1716,5,4
1717,10,3
1718,9,3
1719,4,2
1720,8,3
1721,8,1
1722,14,7
1723,6,3
1724,5,2
1725,6,5
1726,9,8
1727,13,10
1728,10,5
1729,12,11
1730,12,6
1731,11,5
1732,15,11
1733,11,8
1734,12,9
1735,7,5
1736,8,5
1737,2,2
1738,14,5
1739,13,11
1740,16,10
1741,18,10
1742,21,7
1743,14,7
1744,5,4
1745,16,11
1746,9,5
1747,8,3
1748,6,5
1749,2,1
1750,5,4
1751,11,6
1752,9,5
1753,6,4
1754,6,6
1755,9,7
1758,9,7
1759,12,11
1760,10,8
1761,8,5
1762,16,10
1763,35,17
1764,19,14
1765,10,8
1766,16,12
1767,10,5
1768,3,1
1769,5,4
1770,9,8
1771,13,9
1772,9,7
1773,5,5
1774,15,8
1775,18,12
1776,12,6
1777,6,3
1778,14,10
1779,19,14
1780,12,8
1781,12,6
1782,15,12
1783,3,1
1784,5,4
1785,6,3
1786,8,4
1787,10,8
1788,10,8
1789,4,3
1790,14,11
1792,12,6
1793,9,6
1794,5,4
1795,14,7
1796,9,7
1797,3,0
1798,10,6
1799,7,2
1800,5,1
1801,17,14
1802,10,4
1803,7,5
1804,1,0
1805,3,1
1806,9,5
1807,11,6
1808,4,1
1809,6,2
1810,8,7
1811,6,1
1812,4,2
1813,7,6
1814,4,4
1815,9,5
1816,8,4
1818,8,4
1819,9,8
1820,6,6
1821,8,5
1822,5,4
1823,7,4
1824,10,8
1825,8,3
1826,5,3
1827,5,3
1828,5,3
1829,13,9
1830,8,2
1831,9,7
1832,13,11
1833,18,14
1834,14,8
1835,14,8
1836,11,10
1837,2,2
1838,8,7
1839,6,3
1840,6,5
1841,5,3
1842,10,6
1843,11,9
1844,17,12
1845,13,6
1846,16,13
1847,19,10
1848,11,9
1851,1,1
1852,5,5
1853,11,3
1854,5,1
1855,8,8
1856,24,19
1857,13,12
1858,4,3
1859A,2,2
1860A,13,10
1860B,1,0
1861A,6,5
1861B,6,3
1862A,10,7
1863,13,11
1864,8,5
1865,7,3
1866,3,2
1867,5,5
1868,13,12
1869,3,2
1870,7,6
1871,9,7
1872,4,4
1873,6,3
1874,10,6
1875,9,6
1876,3,3
1877,6,2
1878,6,3
1879,3,2
1880,8,2
1881,5,2
1883,7,5
1884,9,7
1885,9,8
1886,5,2
1887,5,2
1888,1,0
1889,11,6
1890,9,4
1891,14,8
1892,3,1
1893,7,5
1894,16,9
1895,23,14
1896,10,8
1897,6,5
1898,9,6
1899,7,4
1900,8,5
1901,8,3
1902,3,3
1903,6,4
1904,9,6
1905,9,7
1906,1,1
1908,5,5
1909,6,4
1910,8,5
1911,2,2
1912,8,5
1913,5,4
1914,6,5
1916,5,3
1917,12,10
1918,5,2
1919,7,2
1920,18,9
1921,6,5
1922,8,4
1923,9,5
1924,3,3
1925,9,6
1926,5,4
1927A,8,5
1928,2,1
1928B,5,4
1929A,7,7
1930A,4,3
1931,5,5
1932,9,6
1933,9,7
1934,11,10
1935,9,5
1936,8,7
1939,17,5
2001,7,5
2002,8,5
2003,7,7
2004,11,7
2005,2,1
2006,6,2
2007,8,6
2008,6,5
2009,6,3
2010,10,7
2011,5,3
2012,4,4
2014,8,2
2015,10,8
2016,8,4
2017,22,16
2018,6,5
2019,12,8
2020,7,5
2021,10,10
2022,8,5
2023,7,6
2024,10,7
2025,9,6
2026,4,2
2027,9,3
2028,7,7
2029,26,14
2030,11,6
2031,9,7
2032,10,7
2033A,4,3
2034A,1,0
2035A,2,0
2036A,3,3
2036B,10,6
2037A,3,1
2038A,11,6
2039,6,3
2040,3,3
2041,7,5
2042,6,5
2044,1,1
2045,10,7
2046,6,4
2047,11,9
2048,6,4
2049A,9,6
2049B,5,2
2050A,6,4
2051A,7,3
2052A,7,5
2053,8,7
2054,5,4
2055,9,6
2056,10,6
2057,10,7
2058,6,2
2059,7,6
2060,5,2
2061,8,7
2062,11,7
2063,14,10
2064,5,4
2065,8,5
2066,4,4
2067,12,10
2068,10,7
2069,4,1
2070,6,4
2071,4,3
2072,8,4
2074,7,5
2075,7,4
2076,11,10
2077,3,3
2078,2,1
2079,4,2
2080,1,1
2081,4,3
2082,7,6
2083,1,1
2084,13,6
2085,12,7
2086,12,6
2087,4,2
2088,6,3
2089,1,1
2090,6,3
2091,5,3
2092,5,5
2093,2,2
2094,3,1
2099,5,4
2100,7,5
2101,6,5
2102,6,4
2103,5,5
2104,8,7
2105,8,6
2106,2,1
2111,9,6
2112,3,2
2113,5,3
2114,5,3
2115,12,2
2116,4,3
2117,11,10
2118,5,2
2119,9,6
2120A,5,4
2120B,5,4
2121A,6,5
2122A,7,6
2123A,2,2
2123B,10,5
2124A,8,6
2125,10,5
2126,5,2
2127,2,2
2128,2,2
2129,7,6
2130A,13,9
2131A,12,5
2133A,9,8
2134A,13,7
2134B,2,1
2135,11,8
2136,8,8
2137,6,5
2138,13,9
2139,4,3
2140,3,2
2141,3,2
2142,8,6
2143,8,3
2148,10,9
2149,6,4
2150,1,0
2151,8,3
2152,5,3
2153,5,5
2155,9,6
2161,5,2
2162,1,1
2163,2,1
2164,6,6
2165,6,3
2166,6,6
2167,16,14
2168,11,2
2169,4,0
2170,2,1
2171,9,8
2172,9,6
2173,9,8
2174,12,11
2175,3,2
2176,7,5
2177,3,3
2178,7,6
2182,2,2
2183,9,6
2184,10,9
2185,6,4
2186,6,5
2187,12,8
2188,5,3
2189,10,7
2190,5,2
2191,11,9
2192,9,6
2193,1,1
2196,9,5
2197,3,2
2198,13,8
2199,2,2
2200,3,1
2201,5,2
2202,5,2
2203,3,2
2204,7,4
2205,5,3
2206,10,7
2207,4,2
2208,2,2
2301,2,0
2302,2,1
2303,7,5
2304,3,1
2305,4,3
2306,8,6
2307,9,6
2308,6,5
2309,9,5
2310,5,3
2311,2,1
2312,7,5
2314,5,1
2315,4,2
2316,7,6
2317,11,7
2318,11,8
2319,5,1
2320,8,6
2321,9,6
2322,12,7
2323,7,4
2324,11,7
2325,4,2
2328,12,9
2329,6,5
2330,4,3
2331,6,4
2332,7,6
2333A,6,4
2334A,5,5
2334B,4,2
2335A,8,3
2336,5,3
2337,1,1
2338,4,2
2338A,3,2
2341,5,3
2342,5,2
2343,4,3
2344A,4,2
2344B,1,1
2345A,4,3
2346,11,9
2347,7,4
2348,5,0
2349,11,6
2350,9,6
2353,10,7
2354,8,5
2355,3,3
2356,11,6
2357,9,8
2358,17,5
2359,7,2
2360,7,4
2361,10,6
2362,7,4
2363,4,3
2364,6,5
2366,4,2
2367,5,3
2368,17,9
2369,8,5
2370,3,1
2371,7,5
2372,3,1
2373,7,4
2374,7,1
2375,11,8
2376,2,1
2378,7,4
2379,5,5
2380,5,3
2381,9,7
2382,7,7
2383,6,3
2384,3,3
2385,8,7
2386,10,9
2387,7,4
2388,3,3
2390,2,1
2391,7,5
2392,7,1
2393,7,5
2394,14,11
2395,8,5
2396,13,4
2397,3,3
2398,7,4
2399,11,7
2400,8,7
2401,10,5
2402,22,9
2403,8,6
2404,7,4
2405,5,2
2406,6,4
2407,7,6
2408,10,7
2409,9,4
2410,7,4
2411,18,11
2412,7,5
2413,3,1
2414,10,5
2415,9,8
2416,7,4
2417,10,8
2418,1,0
2419,5,3
2421,1,1
2422,4,2
2423,11,4
2424,2,1
2425,2,1
2426,9,7
2427,8,4
2428,3,3
2429,3,1
2430,3,2
2431,7,5
2432,4,3
2433,4,3
2434,7,3
2435,4,3
2436,11,8
2438,10,4
2439,9,6
2440,5,4
2441,4,3
2442,9,7
2443,8,7
2444,1,1
2445,9,5
2446,9,8
2447,5,5
2448,13,12
2449,3,2
2450,10,10
2451,6,5
2452,5,4
2453,8,5
2454,5,3
2456,1,1
2457,8,5
2458,4,3
2459,7,4
2461A,8,4
2462A,1,1
2463A,7,5
2464A,9,6
2465A,3,3
2466A,5,3
2468,4,3
2468A,2,1
2471,9,5
2472,3,1
2473,8,5
2474,3,1
2475,10,7
2476,3,2
2477,1,1
2478,7,5
2479,2,1
2480,5,5
2481,3,2
2482,13,12
2483,13,10
2484,2,1
2488,1,1
2494A,6,5
2499A,11,10
2501A,2,2
2502A,3,2
2503A,8,5
2504A,4,2
2506,7,5
2507,6,3
2508,6,1
2509,5,3
2510,4,1
2511,2,2
2512,2,1
2513,1,0
2514,1,1
2515,1,1
2516,1,1
2518,6,4
2519,3,2
2521A,2,1
2522,3,1
2523,2,0
2524,4,3
2525A,6,5
2525B,2,2
2526B,2,1
2527A,6,3
2528,2,1
2540,6,3
2541,5,1
2603,2,1
2607,17,11
2608,23,9
2609,36,16
2610,22,13
2611,14,6
2612,20,11
2613,18,10
2614,13,12
2616,15,9
2617,10,7
2617A,7,2
2618,16,8
2618A,12,5
2619,16,10
2620,19,12
2621,3,2
2622,7,3
2623,36,20
2625,8,4
2626,10,4
2627,15,13
2628,23,15
2629,12,7
2629A,17,14
2630,16,11
2631,11,5
2632,7,7
2633,2,1
2634,9,6
2634A,1,1
2635,7,4
2636,5,2
2638,1,1
2641,7,6
2642,9,5
2644,7,7
2645,12,7
2646,9,6
2647,35,22
2648,12,6
2649,7,6
2650,14,11
2651,8,3
2652,8,7
2653,11,6
2654,20,15
2655,3,3
2656,19,9
2657,3,3
2658,6,3
2659,10,5
2660,10,6
2661,10,7
2662,5,5
2664,2,2
2673,10,5
2674,9,6
2675,13,12
2676,3,2
2677,5,4
2678,1,1
2679,4,3
2680,4,3
2681,6,1
2682,2,2
2683,1,1
2684,1,0
2686,6,3
2687,5,2
2688,9,5
2689,12,7
2690,4,2
2691,16,9
2692,22,12
2693,13,7
2694,5,2
2695,26,20
2696,13,7
2697,18,10
2698,20,15
2699,20,13
2700,16,11
2701,10,6
2701A,4,1
2702,8,5
2703,7,6
2704,4,1
2705,10,7
2706,10,6
2707,2,1
2708,4,2
2709,10,6
2711,23,15
2712,13,8
2713,15,7
2714,13,8
2715,9,8
2716,3,3
2717,12,4
2718,1,0
2718A,4,0
2719,8,7
2719B,9,5
2719C,4,4
2720,1,1
2721,4,3
2722,5,4
2724,6,1
2735,15,2
2737,8,5
2745,5,3
2746,4,4
2747,2,2
2748,6,5
2749,20,14
2750,6,4
2751,22,14
2752,11,5
2753,14,7
2754,6,2
2755,11,6
2756,1,1
2763,2,1
2764,9,6
2765,4,2
2766,5,3
2767,5,4
2768,4,3
2769,14,12
2770,11,7
2771,20,11
2772,15,9
2773,8,6
2775,16,8
2776,2,2
2777,2,2
2778,5,1
2779,3,1
2781,2,2
2782,3,3
2783,2,2
2784,7,5
2785,7,4
2786,2,2
2787,2,0
2788,5,2
2789,4,4
2790,2,1
2792,6,4
2794,2,2
2796,12,9
2797,1,0
2798,4,3
2799,20,17
2800,5,5
2801,9,3
2802,12,7
2803,15,8
2804,13,10
2805,11,7
2806,13,11
2807,11,6
2808,1,0
2816,3,2
2817,13,8
2818,6,4
2819,3,2
2820,1,0
2821,7,6
2822,3,3
2822A,4,2
2822B,3,2
2823,2,2
2823A,6,5
2823B,3,2
2823C,2,0
2826,8,5
2828,14,8
2829,6,4
2830,13,9
2831,9,4
2832,11,9
2833,3,2
2834,3,2
2835,5,3
2836,2,1
2837,1,0
2838,2,1
2839,6,5
2840,7,5
2841,5,3
2842,8,6
2844,3,0
2845,4,3
2846,5,5
2847,14,7
2849,10,6
2851,1,1
2852,1,0
2853,2,2
2854,6,3
2856,1,1
2857,2,2
2858,2,2
2859,5,4
2860,2,1
2861,4,4
2862,4,4
2863,10,8
2864,10,9
2872,3,3
2873,8,6
2874,1,1
2875,1,1
2876,1,1
2877,3,2
2878,2,1
2879,3,3
2880,2,0
2881,5,4
2882,3,3
2883,5,2
2884,7,3
2885,6,3
2886,3,2
2887,2,1
2888A,2,2
2889,5,5
2890,10,6
2891,10,8
2892,4,1
2901A,5,3
2901B,6,5
2901C,3,0
2901D,1,1
2901E,6,5
2902,4,3
2914,11,5
2916,3,3
2917,6,5
2918,8,7
2919,7,6
2919A,7,3
2920,4,2
2921,3,2
2922,2,2
2923,14,9
2924,4,3
2925,4,3
2926,4,2
2927,4,2
2928,4,1
2929,5,4
2930,3,2
2931,19,8
2932,5,2
2933,2,0
2934,4,1
2935,1,1
2936A,12,10
2936B,1,1
2938A,11,9
2944A,1,1
2945A,6,4
2947A,5,2
2948A,1,1
2949A,14,7
2954A,13,8
2955A,3,2
2956A,2,2
2957A,1,1
2958,4,2
2959,9,6
2960,4,2
2961A,4,3
2962A,3,2
2963B,5,5
2964A,5,5
2965A,6,6
2966A,5,3
2968A,11,8
2968B,13,10
2969,2,1
2970,9,8
2971,3,1
2972,6,4
2973,6,3
2973A,17,5
2975,8,2
2976,9,8
2977,3,2
2979,2,1
2979A,8,3
2980,2,1
2981,3,2
2982,5,5
2983,2,2
2984,1,0
2985,7,5
2986,4,1
2987,4,4
2987A,7,3
2988,6,5
2988A,21,12
2989,4,3
2989A,4,2
2989B,19,14
2990,6,5
2991,6,3
2992,12,5
2993,9,7
2994,5,3
2997,2,1
2998,2,2
2999,5,5
2999A,3,3
2999B,6,1
3000A,2,0
3000B,4,2
3000C,3,2
3001,5,2
3001A,9,6
3001B,2,2
3002,3,3
3003,4,2
3004,9,8
3004B,11,9
3005,4,3
3005B,7,5
3005C,5,3
3005D,2,1
3006,2,1
3007,5,4
3008,4,3
3010,7,6
3011,14,9
3011A,2,1
3012,9,2
3013,13,10
3013A,5,4
3014,2,2
3026,5,4
3027A,7,3
3028A,2,1
3028B,11,7
3029C,1,1
3031A,3,1
3032A,5,5
3033,1,1
3034,3,3
3036,2,1
3037,2,2
3038,7,5
3039,8,6
3040,4,3
3041,10,8
3042,6,5
3043,5,2
3044,1,1
3045,7,6
3046,16,9
3047,10,9
3048,8,4
3049,3,1
3050,4,4
3051,4,3
3052,4,3
3053,5,4
3054,7,1
3059,2,1
3060,9,7
3062,8,6
3063,2,1
3064,3,1
3065,8,4
3066,8,2
3069,2,1
3070,3,3
3071,6,5
3072,6,3
3072A,3,3
3073,4,3
3076,7,3
3076A,7,4
3077,7,2
3078,1,0
3080,1,0
3081,4,3
3082,4,3
3083,4,3
3084,12,7
3085,3,2
3086,14,7
3087,14,9
3088,11,8
3089,7,4
3090,9,6
3091,12,9
3092,7,7
3093,3,1
3094,3,2
3095,7,5
3099,5,2
3100,1,0
3101,1,1
3102,4,4
3103,2,2
3104,4,2
3105,2,0
3105A,4,3
3106,5,4
3107,1,1
3108,1,0
3109,5,2
3110,6,4
3111,5,5
3112,3,2
3113,2,2
3114,8,5
3115,9,8
3116,8,7
3117,10,7
3118,9,4
3119,7,4
3120,17,10
3121,2,1
3122,4,3
3123,2,2
3133,2,2
3135,7,3
3136,4,2
3137,4,2
3139,3,2
3140,5,5
3141,8,6
3142,4,1
3143,11,6
3144A,1,1
3144B,1,1
3144C,1,1
3145,6,4
3146,11,5
3147,15,9
3148,1,0
3149,6,4
3150,6,4
3151,7,5
3152,5,4
3153,7,4
3154,4,3
3156,12,8
3157,12,8
3158,3,1
3159,5,4
3160,3,2
3162,1,1
3163,5,4
3164,1,0
3165,7,5
3166,10,4
3167,2,2
3168,1,1
3169,1,0
3173,3,3
3174,2,2
3175,6,5
3176,3,3
3177,4,0
3178,4,3
3179,1,0
318,1,0
3180,11,5
3181,4,2
3182,4,1
3184,2,1
3185,3,2
3189,1,0
3190,3,2
3191,2,1
3196,2,1
3197,10,1
3198,8,6
3199,8,4
3202,7,4
3203,5,1
3204,6,2
3206,10,3
3207,7,4
3208A,3,2
3209,3,1
3210,8,4
3211,14,7
3212,15,8
3250,2,1
3251,9,6
3252,1,1
3253,3,2
3254,7,5
3257,3,2
3258,5,3
3259,5,3
3260,11,8
3261,3,3
3262,5,3
3263,9,6
3264,6,5
3265,1,1
3267,7,7
3269,2,2
3270,7,4
3271,4,4
3272,3,1
3273,9,7
3274,8,6
3275,8,6
3275A,3,2
3276,6,5
3277,11,6
3278,8,6
3279,5,2
3280,5,2
3281,9,5
3282,6,4
3283,18,12
3501,7,1
3502,30,18
3503,1,1
3504,32,17
3505,12,9
3506,16,3
3507,38,22
3508,40,17
3509,19,9
3510,17,10
3511,33,12
3512,18,2
3513,20,12
3514,25,11
3515,10,3
3516,22,11
3517,16,13
3518,24,12
3519,13,12
3520,16,5
3521,13,2
3522,12,4
3523,2,0
3524,3,1
3525,14,3
3526,6,1
3528,6,1
3529,2,1
3530,9,3
3531,6,1
3532,59,29
3533,42,30
3534,42,27
3535,8,6
3536,4,0
3537,51,25
3538,46,24
3539,4,0
3540,35,28
3541,27,12
3542,27,6
3543,18,4
3544,33,16
3545,21,10
3546,17,3
3547,8,1
3548,33,7
3549,21,10
3550,1,1
3551,2,0
3552,31,13
3553,29,16
3554,33,15
3555,26,8
3556,27,12
3557,23,13
3558,43,20
3559,22,9
3560,24,11
3561,36,21
3562,37,25
3563,21,9
3564,33,18
3565,3,3
3566,32,13
3567,24,14
3568,41,25
3569,43,24
3570,44,24
3571,7,4
3572,8,5
3573,14,3
3574,32,15
3575,28,12
3576,43,24
3577,25,12
3578,36,22
3579,6,1
3580,42,33
3581,26,14
3582,51,22
3583,41,22
3584,44,29
3585,16,9
3587,28,10
3588,41,31
3589,38,19
3590,38,20
3591,20,12
3592,2,2
3593,8,6
3594,13,7
3595,18,13
3596,39,23
3597,32,17
3598,35,20
3600,51,28
3601,36,24
3602,46,29
3603,28,20
3604,25,15
3605,18,13
3606,31,21
3607,60,33
3608,48,20
3609,44,23
3610,36,20
3611,19,12
3612,32,13
3613,13,6
3614,16,8
3615,29,18
3616,29,16
3617,32,19
3618,28,9
3619,39,16
3620,34,23
3621,19,10
3622,35,22
3623,11,6
3624,24,16
3625,8,4
3626,9,6
3627,13,9
3628,11,8
3629,7,5
3630,17,11
3631,24,12
3632,8,3
3633,21,11
3634,6,3
3635,23,15
3636,28,16
3637,35,12
3638,20,15
3639,17,5
3640,30,14
3641,36,20
3642,45,15
3643,27,17
3644,14,7
3645,7,6
3646,10,3
3647,26,18
3648,20,13
3649,6,4
3650,12,10
3651,21,15
3652,30,20
3653,11,6
3654,25,19
3655,8,4
3656,17,10
3701,24,9
3702,41,17
3703,60,25
3704,88,52
3704A,2,2
3705,97,25
3705Z,15,6
3706,81,48
3707,118,61
3708,178,88
3709,180,130
3710,75,58
3711,27,20
3712,21,13
3713,113,75
3714,1,0
3715,51,18
3716,18,8
3717,198,118
3718,28,17
3719,20,10
3720,25,10
3721,113,76
3722,118,64
3723,22,7
3724,24,15
3725,49,20
3726,69,32
3727,29,13
3728,29,16
3729,25,14
3730,46,25
3731,45,21
3732,33,19
3733,43,10
3734,2,1
3735,72,40
3735A,2,2
3736,39,21
3737,15,7
3738,41,25
3739,10,7
3740,27,11
3741,48,28
3744,23,7
3745,20,13
3746,12,4
3747,12,7
3748,1,0
3749,30,10
3750,57,39
3751,27,12
3752,29,10
3753,28,11
3754,17,11
3755,35,11
3756,13,5
3757,14,5
3758,5,1
3759,6,2
3760,17,9
3762,29,11
3763,29,15
3764,8,2
3765,7,4
3766,1,0
3767,1,0
3768,16,10
3769,9,4
3771,2,0
3773,9,2
3774,72,48
3775,66,33
3776,30,15
3777,19,9
3778,13,7
3779,44,19
3780,46,20
3781,17,6
3782,9,5
3783,38,22
3784,19,6
3785,30,6
3786,42,22
3787,29,11
3788,27,5
3789,16,7
3789A,1,1
3793,9,4
3794,69,45
3795B,1,1
3796,2,1
3797,1,0
3798,1,0
3799,6,3
3800,10,3
3803,44,30
3805,1,1
3807,1,0
3808,14,4
3810,2,0
3820,3,2
3821,6,3
3822,1,0
3833,3,3
3835,1,0
3901,2,0
3903,2,2
3905,2,1
3906,1,1
3907,1,0
3910,12,2
3911,4,3
3912,5,3
3913,2,0
3914,2,0
3915,6,2
3918,32,17
3919,3,2
3920,10,3
3921A,2,0
3922A,2,0
3923,14,7
3924,3,2
3926,2,0
3927,2,1
3928,1,0
3930A,10,3
3932,4,2
3935,6,1
3936,1,1
3937,12,9
3938,4,2
3940,5,1
3948,2,0
3949,4,0
3950,2,1
3951,2,1
3952,4,4
3953,1,0
3954,2,0
3955,2,2
3956,7,2
3957,6,4
3958,14,9
3961,9,3
3962,4,1
3965,11,2
3966,6,1
3967,3,1
3968,1,1
3969,83,59
3970,8,5
3973,2,1
3974,18,13
3975,3,2
3977,16,11
3978,1,0
3979,7,1
3980,2,2
3981,1,0
3983,8,5
3984,4,3
3985,3,1
3986,9,5
3987,6,4
3994,5,2
3995,4,2
3996,7,6
3998,1,1
4000,9,7
4001,11,7
4002,18,14
4003,1,1
4004,9,3
4005,6,6
4005A,1,0
4006,1,1
4007,5,0
4008,4,4
4009,7,3
4010,7,2
4011,12,11
4012,1,1
4013,9,4
4015,2,1
4016,4,2
4017,2,2
4021,1,0
4022,3,2
4023,7,2
4024,5,3
4025,4,2
4026,3,2
4027,7,3
4028,12,6
4030,13,7
4031,6,4
4035,13,9
4036,7,5
4037,11,6
4038,9,3
4039,5,5
4040,2,2
4041,5,4
4043,6,1
4044,5,1
4045,8,5
4058,12,6
4059,1,1
4060,5,4
4063,7,5
4064,7,2
4065,9,5
4066,9,5
4067,12,8
4068,9,7
4069,5,2
4070,5,1
4071,5,3
4072,10,7
4073,11,4
4074,6,3
4075,10,3
4076,9,5
4078,7,3
4079,3,1
4080,3,2
4081,6,1
4082,5,3
4083,2,1
4084,13,8
4085,23,18
4086,12,7
4087,18,10
4088,10,6
4089,12,10
4090,2,0
4093,13,11
4094,20,10
4095,15,8
4096,16,6
4097,10,5
4098,11,6
4099,11,9
4100,19,11
4101,9,4
4102,6,3
4103,8,4
4104,10,7
4106,6,1
4107,17,6
4108,19,3
4109,11,2
4111,1,1
4139,2,1
4142,10,5
4143,13,7
4144,14,8
4145,16,13
4146,24,9
4147,8,3
4148,8,5
4149,14,8
4150,7,3
4151,4,3
4152,15,6
4153,6,5
4154,1,0
4158,10,5
4159,12,5
4160,14,6
4161,9,7
4162,22,16
4165,1,0
4167,6,5
4170,2,1
4171,8,5
4172,14,4
4173,8,2
4174,1,0
4175,11,5
4206,9,3
4207,18,11
4208,14,8
4209,18,10
4210,7,2
4211,8,3
4212,7,4
4213,3,1
4214,10,7
4216,6,3
4217,8,3
4218,12,7
4219,6,5
4220,11,6
4221A,1,0
4223,1,1
4224,7,3
4226,1,0
4227,3,2
4228,4,2
4229,2,2
4230,1,1
4232,9,6
4238,1,1
4241,1,1
4246,6,2
4247,1,0
4259,9,3
4260,10,4
4262,16,10
4263,6,4
4264,7,5
4265,3,1
4266,13,11
4267,20,16
4268,9,5
4269,5,2
4270,5,3
4271,18,11
4272,8,5
4273,5,2
4274,11,5
4275,17,3
4276,9,7
4277,1,0
4279,5,1
4281A,6,2
4282A,9,2
4283B,7,5
4285B,5,4
4287,3,3
4288,48,41
4290,1,1
4293,3,1
4294,5,0
4295,4,2
4314,6,0
4315,5,0
4317,1,0
4324,4,1
4327A,1,1
4329,2,0
4334,11,6
4335,7,3
4336,8,6
4337,8,3
4338,6,5
4342,2,1
4343,17,8
4346,2,1
4347,1,0
4347A,1,0
4352,1,0
4353,2,0
4357,4,3
4358,1,0
4378,6,0
4570,6,4
4580,2,2
4591A,5,2
4591B,1,1
4591C,6,2
4591D,1,0
4602A,2,0
4622,1,0
4624,6,5
4629,14,0
4644,3,0
4645,6,6
4646,2,2
4653,3,2
4700,28,1
4710,9,9
4711,46,23
4713,26,22
4714,88,74
4715,32,31
4720,40,35
4731,2,2
4732,3,1
4756,3,1
4757,6,3
4759,7,1
4760,3,0
4761,8,4
4762,3,1
4763,8,6
4764,2,0
4786,14,8
4787,3,3
4788,7,4
4789,12,9
4790,5,2
4791,6,4
4792,4,2
4793,2,1
4794,1,0
4807,4,1
4808,1,1
4809,18,14
4810,17,4
4811,2,1
4812,4,0
4827,1,0
4828,1,1
4829,8,1
4830,9,3
4831,4,1
4847,2,1
4848,4,2
4849,3,2
4850,1,0
4851,4,2
4877,2,1
4878,1,0
4879,1,1
4881,7,4
4882,3,1
4884,3,0
4909,5,4
4910,1,1
4912,19,0
4913,1,0
4914,3,1
4934,3,2
4935,2,0
4937,1,0
4938,11,5
4939,5,3
4940,6,4
4941,5,2
4942,3,3
4943,9,2
4944,1,0
4964,6,3
4965,4,2
4966,4,3
4967,8,5
4968,5,3
4969,3,1
4970,4,1
4971,1,0
4972,3,0
4973,3,1
4974,5,3
4976,2,2
4991,24,14
4991A,1,1
4993,7,3
4995,1,1
4996,3,2
5000,4,1
5016,2,1
5062,1,0
5066B,1,1
5067,3,1
5067A,4,1
5068,5,2
5069,1,1
5070,2,2
5071,4,2
5072,4,1
5080,1,1
5082,2,2
5087,2,1
5091,3,2
5092,5,5
5121,1,1
51250,1,1
5203,7,4
5211,12,10
5217,2,1
5224,1,1
5225,1,0
5226,2,1
5228,1,0
5230,10,7
5235,9,8
5237,3,2
5240,2,2
5242,5,3
5246,1,1
5249,1,0
5250,3,2
5253,2,2
5254,5,2
5255,2,1
5258,2,0
5259,5,1
5260,3,2
5262,5,3
5264,4,2
5268,3,0
5272,4,2
5273,5,4
5278,1,0
5279,7,5
5280,6,3
5281,1,0
5282,1,1
5285A,5,3
5286A,6,2
5287,3,0
5290,6,3
5291,2,1
5295,11,5
5296,4,2
5297,4,3
5302,3,2
5304,3,3
5305,5,1
5306,8,5
5307,3,1
5308,5,4
5309,3,0
5311,10,8
5312,7,0
5313,3,3
5314,2,1
5315,7,3
5318,5,4
5319,9,1
5320,2,1
5321,3,0
5322,7,4
5323,6,5
5324,3,1
5325,8,4
5326,6,3
5327,8,5
5328,2,0
5329,3,0
5330,1,1
5331,4,4
5332,1,0
5333,2,1
5334,6,4
5335,6,6
5335A,81,71
5335C,2,1
5336,3,3
5337,5,4
5338,11,8
5339,5,1
5340,5,2
5341,6,5
5342,8,7
5343,3,1
5348,2,2
5350,3,2
5353,2,1
5353B,5,3
5354,8,6
5354A,3,2
5355,3,2
5357,5,2
5358,4,1
5359,3,0
5360,4,3
5361,4,1
5362,5,1
5369,5,2
5370,5,4
5372,11,8
5377,1,1
5378,5,5
5380,2,1
5381,10,9
5382,3,3
5384A,4,3
5384B,1,1
5384C,6,2
5386,4,2
5387,3,2
5392,1,1
5394,4,4
5395,3,2
5397,2,1
5398,3,1
5399,1,0
5400,1,0
5402,4,0
5403,2,1
5404,7,6
5405,2,2
5406,3,1
5407,4,4
5409,5,0
5410,3,1
5411,5,2
5413,2,2
5414,4,1
5418,4,0
5419,10,8
5421,4,1
5423A,1,1
5425,7,1
5426,6,4
5428A,1,1
5428D,1,0
5428F,2,2
5428G,1,1
5431A,29,8
5431B,1,1
5434A,2,1
5434B,3,1
5435,1,0
5437,6,2
5438,9,6
5439,2,1
5440A,6,4
5447,4,2
5449,3,1
5450,2,2
5457,3,0
5458,4,1
5461,2,2
5463,6,2
5464,6,4
5465,4,2
5467,6,4
5469,1,0
5471,3,2
5474,1,0
5475,6,5
5476,2,1
5501,21,17
5503,16,10
5504,5,3
5505,3,0
5506,3,3
5507,3,1
5511,1,0
5512,2,0
5513,4,3
5514,9,3
5515,12,6
5517,52,21
5518,2,1
5519,13,9
5520,9,6
5521,5,4
5522,11,6
5523,9,3
5524,16,8
5525,11,7
5526,12,6
5527,5,2
5528,1,0
5529,9,5
5530,1,1
5531,3,0
5532,3,1
5534,9,9
5535,4,4
5536,4,2
5536A,7,4
5537,9,6
5538,3,3
5539,4,3
5540,6,4
5541,7,4
5542,1,0
5543,1,1
5544,2,1
5545,2,1
5548,1,1
5549,7,3
5550,7,4
5551,1,1
5554,3,2
5555,1,1
5556,13,6
5557,1,0
5559,11,4
5560,2,0
5572,2,2
5574,4,1
5575,4,4
5577,2,1
5583,11,6
5584,2,2
5585,4,2
5587,4,0
5588A,1,1
5590A,1,0
5595,1,1
5596,10,9
5597A,2,0
5598,9,5
5607,1,0
5609,7,5
5610,7,5
5610A,11,6
5611,11,4
5612,21,12
5613,11,9
5615,27,10
5616,8,4
5617,10,7
5618,6,2
5619,10,7
5620,8,4
5621,1,1
5622,1,1
5623,1,1
5624,2,1
5625,3,1
5626,1,0
5627,4,2
5628,2,1
5632,1,0
5633,2,1
5634,6,5
5635,2,1
5636,3,2
5637,7,3
5638,8,6
5639,2,2
5641,1,0
5642,9,5
5643,10,8
5644,5,3
5645,1,0
5646,7,5
5647,4,2
5648,5,4
5649,9,7
5650,8,6
5651,11,7
5652,3,2
5653,6,3
5654,9,3
5655,4,3
5656,2,2
5657,2,0
5658,1,1
5659,7,3
5660,4,1
5661,8,3
5662,7,4
5663,13,10
5664,8,5
5665,9,5
5666,16,6
5667,5,5
5668,7,5
5669,6,2
5670,6,3
5671,6,5
5672,14,7
5673,14,4
5674,5,3
5675,3,2
5676,12,5
5677,5,4
5678,7,2
5680,7,2
5682,4,2
5683,3,2
5684,2,2
5685,3,3
5686,4,1
5687,4,2
5688,10,5
5689,6,4
5690,3,3
5691,1,0
5695,1,0
5697,3,3
5698,4,4
5699,4,4
5700,2,1
5701,4,0
5702,2,2
5703,9,6
5704,3,2
5705,4,3
5706,8,4
5707,2,1
5708,3,1
5709,9,6
5710,6,5
5712,15,10
5713,9,1
5714,15,2
5715,2,2
5716,1,1
5717,20,15
5718,7,5
5719,6,4
5720,18,9
5721,17,14
5722,5,3
5723,4,4
5724,15,6
5725,2,0
5726,6,3
5727,9,7
5728,1,1
5729,3,3
5730,1,0
5735,2,0
5736,5,3
5738,4,2
5739,4,3
5740,2,2
5741,7,5
5742,8,5
5743,5,4
5744,11,4
5745,6,5
5746,9,4
5802,8,6
5803,6,6
5804,44,33
5806,12,10
5807,3,1
5808,3,1
5809,1,1
5810,6,3
5811,2,2
5812,4,1
5813,2,2
5815,2,1
5825,4,2
5826,2,0
5827,1,1
5832,1,1
5833,1,1
5835,8,6
5836,1,1
5837,3,2
5838,2,2
5839,9,8
5840,2,2
5841,3,1
5842,7,3
5843,5,5
5847,2,2
5851,2,1
5853,1,0
5856,1,1
5857,2,1
5858,5,2
5859,4,3
5860,4,2
5861,3,3
5862,5,4
5862A,3,2
5863,3,2
5864,3,2
5865,1,1
5867,2,1
5869,2,1
5870,11,6
5871,9,2
5872,1,0
5874,3,3
5875,3,2
5876,1,1
5877,7,4
5878,2,2
5879,12,7
5880,1,1
5881,2,2
5882,3,2
5883,5,4
5884,4,4
5886,3,2
5887,5,2
5888,1,1
5889,4,2
5890,5,4
5891,8,6
5892,8,5
5893,3,1
5894,7,6
5895,8,2
5896,5,3
5897,5,2
5898,4,3
5899,4,3
5900,10,9
5900A,6,4
5902,3,1
5904,3,3
5905,4,1
5907,3,3
5908,4,2
5909,5,1
5910,1,1
5912,3,2
5914,4,2
5916,2,2
5917,1,1
5918,2,1
5919,2,1
5920,5,3
5921,2,0
5922,2,1
5923,2,1
5924,2,0
5925,6,2
5926,7,7
5927,5,1
5928,2,1
5931,2,2
5932,1,0
5933,3,1
5934,4,2
5936,3,2
5937,2,1
5938,2,1
5939,1,0
5940,4,4
5941,1,1
5942,2,2
5943,8,6
5944,1,0
5945,1,1
5946,4,1
5947,9,6
5948,4,4
5949,4,1
5950,3,2
5951,2,0
5952,4,3
5955,3,3
5956,4,3
5957,2,2
5958,2,1
5959,14,8
5960,1,0
5961,5,3
5963,4,3
5964,5,3
5965,5,3
5966,4,2
5967,3,2
5968,2,0
5969,1,0
5971,2,2
5975,4,3
5976,5,4
5977,7,4
5978,1,1
5979,5,4
5980,11,9
5981,5,4
5982,8,5
5986,5,2
5987,4,3
5988,5,3
5991,2,2
5992,4,4
5992A,3,2
5995,3,1
5996,3,3
6003,6,5
6004,6,5
6005,10,7
6006,7,3
6007,8,5
6008,12,9
6009,8,5
6010,2,2
6011,3,3
6012,2,1
6013,10,6
6014,2,1
6015,7,4
6016,1,0
6017,3,2
6018,6,3
6019,6,3
6020,8,8
6021,8,6
6022,7,5
6023,5,0
6024,9,2
6025,1,1
6034,2,2
6035,2,0
6036,1,1
6037,4,2
6038,4,2
6042,2,2
6043,2,0
6045,2,1
6046,2,1
6047,3,1
6048,4,1
6049,5,3
6050,2,0
6053,1,1
6054,5,4
6072,3,1
6073,6,6
6074,8,6
6075,6,4
6076,6,4
6077,10,9
6078,4,1
6079,9,4
6080,3,1
6081,6,4
6082,3,2
6083,16,6
6084,12,5
6085,5,5
6086,5,4
6087,4,2
6088,2,1
6089,6,3
6090,5,5
6091,5,5
6092,6,3
6093,5,3
6094,6,5
6095,1,0
6096,5,1
6112,10,6
6113,4,2
6114,3,3
6115,12,9
6116,3,1
6117,2,2
6118,8,6
6119,2,2
6120,2,1
6121,3,3
6122,3,1
6123,1,1
6124,3,3
6125,2,1
6128,2,0
6129,4,2
6130,5,1
6131,7,7
6147,9,1
6148,3,2
6149,7,4
6150,4,1
6153,1,1
6154,2,1
6155,2,1
6156,7,6
6157,3,3
6158,2,1
6159,2,2
6160,3,1
6161,1,1
6163,2,2
6164,2,1
6165,9,7
6167,2,1
6168,1,0
6170,2,2
6171,5,5
6172,6,4
6174,6,5
6175,3,2
6176,5,0
6177,6,4
6178,2,0
6189,2,0
6190,2,1
6191,7,4
6192,11,4
6193,9,4
6194,2,2
6197,4,4
6198,5,3
6199,2,2
6200,6,6
6201,5,2
6202,6,3
6203,4,3
6204,4,2
6206,1,0
6207,1,0
6208,4,2
6209,6,4
6210,2,1
6220,5,5
6221,1,0
6233,9,5
6234,7,6
6235,5,5
6236,5,4
6237,7,2
6238,2,1
6239,2,0
6240,1,1
6243,2,1
6244,5,4
6245,4,2
6246,2,1
6247,4,3
6248,3,2
6249,6,1
6250,10,8
6251,6,4
6252,2,0
6256,3,3
6257,4,0
6258,1,1
6259,4,4
6272,8,2
6273,9,4
6274,7,5
6275,9,4
6276,7,1
6277,4,2
6278,6,4
6279,2,1
6280,5,2
6281,10,6
6282,8,5
6283,2,1
6284,2,2
6284A,2,2
6297,5,3
6298,4,2
6299,3,2
6300,1,0
6301,1,1
6302,3,1
6303,2,0
6304,3,2
6305,3,2
6306,10,6
6308,3,1
6309,7,4
6309B,2,1
6309C,1,0
6309D,4,4
6311,12,6
6315,1,0
6319,4,4
6320,9,7
6321,3,3
6322,2,2
6323,1,1
6324,3,2
6325,2,1
6326,2,0
6327,1,1
6328,3,2
6332,1,1
6338,4,3
6339,3,2
6340,8,5
6341,3,1
6342,9,8
6343,7,2
6344,9,7
6345,5,3
6346,7,5
6347,3,1
6348,4,4
6349,5,3
6351,2,1
6352,5,1
6354,2,1
6355,1,1
6356,4,3
6357,2,1
6358,3,1
6359,1,0
6360,2,1
6362,1,0
6363,2,2
6373,1,1
6374,4,4
6396,1,0
6402,4,3
6403,1,1
6404,7,4
6406,3,1
6407,2,1
6408,3,2
6409,8,4
6410,3,2
6411,10,7
6412,4,1
6413,9,7
6414,6,2
6415,1,0
6416,2,2
6417,5,1
6418,6,5
6419,2,1
6420,6,5
6421,7,3
6422,5,4
6423,8,7
6428,1,0
6432,1,1
6433,1,1
6434,1,1
6435,2,2
6436,6,5
6437,1,1
6438,2,1
6439,9,7
6441,1,1
6442,2,1
6443,6,2
6444,4,4
6445,3,1
6446,6,4
6447,6,3
6448,13,10
6449,3,1
6450,3,3
6451,1,0
6452,5,2
6453,2,1
6458,2,2
6459,6,4
6460,2,2
6461,3,2
6462,4,1
6463,19,15
6464,1,1
6465,2,2
6466,3,2
6467,1,0
6468,7,5
6468A,3,1
6469,4,2
6472,7,3
6473,13,4
6474,6,6
6475,6,4
6476,1,0
6477,1,1
6478,4,2
6479,4,2
6480,6,5
6481,4,2
6482,1,0
6483,2,0
6484,3,1
6485,3,2
6486,4,2
6487,2,2
6488,3,3
6489,5,1
6490,9,7
6493,4,1
6494,3,1
6495,1,0
6496,1,1
6497,2,1
6500,2,1
6501,11,9
6502,14,9
6503,18,9
6504,21,15
6505,22,13
6506,14,8
6507,18,8
6508,28,14
6509,24,19
6510,25,19
6511,26,16
6512,7,3
6513,15,5
6514,25,6
6515,16,11
6516,10,5
6517,15,10
6518,22,11
6519,11,8
6520,14,9
6521,23,18
6522,12,9
6523,1,0
6524,11,6
6525,11,8
6526,13,1
6527,9,4
6528,8,2
6529,8,4
6530,8,3
6531,10,3
6532,10,9
6533,15,11
6534,20,10
6535,10,7
6536,20,14
6537,7,4
6538,5,5
6539,17,9
6540,8,6
6541,16,14
6542,3,0
6543,3,0
6544,9,2
6545,9,6
6546,11,7
6548,11,4
6549,14,12
6550,13,10
6551,19,13
6552,12,8
6553,13,11
6554,10,5
6555,21,17
6556,5,4
6561,5,3
6562,5,3
6563,11,6
6564,19,7
6565,10,8
6566,13,11
6567,8,7
6568,11,7
6569,9,6
6570,18,4
6571,14,7
6572,1,0
6574,5,2
6575,16,9
6576,1,1
6577,15,8
6578,23,19
6579,17,11
6580,11,5
6581,12,8
6582,9,8
6583,7,3
6588,10,5
6589,13,7
6590,6,2
6591,24,15
6592,8,5
6593,12,8
6594,16,7
6595,8,3
6596,26,12
6597,18,10
6599,10,7
6600,10,6
6601,14,10
6602,13,7
6603,21,16
6604,19,13
6605,13,11
6611,13,13
6612,17,12
6613,8,4
6614,15,8
6615,20,17
6616,9,4
6617,10,7
6618,9,5
6619,3,3
6620,13,10
6621,13,9
6630,8,6
6631,16,12
6632,11,1
6633,9,6
6634,13,7
6635,30,16
6636,4,3
6637,9,5
6638,2,1
6639,10,7
6640,14,10
6651,12,11
6652,18,12
6653,11,8
6654,27,18
6655,16,13
6656,24,15
6657,10,6
6659,4,2
6660,10,6
6662,6,3
6663,10,4
6664,11,8
6665,18,14
6684,17,11
6685,16,7
6687,1,1
6688,5,3
6690,11,7
6691,15,11
6692,11,4
6693,1,1
6694,5,3
6695,5,2
6696,18,10
6700,7,5
6706,3,2
6709,10,7
6710,5,3
6712,6,5
6713,18,12
6717,4,4
6718,11,9
6719,2,2
6720,14,8
6722,10,3
6723,9,8
6726,13,6
6727,13,6
6728,13,5
6729,18,4
6730,7,4
6731,6,5
6732,12,4
6733A,3,2
6734,5,4
6735,6,4
6736,2,1
6738,1,0
6739,5,2
6740,6,5
6741,8,5
6742,13,12
6743,1,0
6744,6,3
6745,8,8
6746,11,7
6747,6,0
6748,12,6
6750,2,1
6751,1,0
6752,4,1
6753,7,4
6754,2,0
6756,3,1
6758,3,1
6759,6,5
6760,3,2
6762,8,8
6763,7,5
6764,1,0
6765,7,6
6766,9,8
6767,3,0
6768,8,4
6769,5,3
6770,4,2
6771,6,2
6772,7,1
6774,5,2
6775,3,1
6776,2,2
6778,2,2
6779,6,2
6780,9,3
6781,2,1
6782,1,0
6783,1,1
6784,2,0
6786,7,6
6793,1,0
6794,2,2
6795A,3,3
6795C,5,2
6795D,1,1
6796,6,5
6797,7,5
6798,9,8
6799,3,1
6800,10,5
6801,1,1
6802,1,1
6803,5,5
6804,2,2
6901,1,0
6902,4,4
6903,1,0
6904,9,5
6905,5,4
6907,1,1
6908,9,5
6909,3,2
6910,1,1
6911,3,2
6912,13,7
6913,1,0
6914,9,4
6915,13,10
6916,5,3
6917,4,3
6917A,7,6
6919,4,3
6921,9,7
6922,3,3
6923,3,1
6924,1,1
6925,2,1
6926,2,1
6927,7,3
6928,4,3
6929,10,7
6930,4,3
6931,4,0
6932,4,2
6933,4,3
6934,2,1
6935,4,0
6936,12,7
6937,5,3
6938,4,2
6939,5,4
6940,8,5
6941,6,5
6942,7,4
6943,8,3
6944,8,2
6945,15,5
6946,10,8
6947,4,2
6948,2,0
6951,8,8
6953,10,6
6954,3,2
6955,10,5
6956,6,0
6957,7,5
6958,5,4
6959,18,5
6961,1,1
6962,2,1
6964,5,3
6965A,2,1
6967,2,2
6968,10,6
6969,7,5
6970,6,4
6971A,3,3
6971B,6,4
6972,8,6
6973,2,0
6974,2,2
6976,4,1
6977,2,0
6978,6,5
6979,8,2
6980,7,3
6981,12,4
6982,8,4
6983,6,3
6984,5,3
6985,32,32
6986,12,7
6987,6,5
6989,4,3
6990,5,4
6991,5,4
6992,2,1
6993,6,1
6994,1,0
6995,4,2
6996,10,8
6997,9,6
6998,6,2
6999,2,1
7000,3,3
7001,8,3
7002,9,8
7003,12,8
7004,10,9
7005,4,3
7006,3,0
7007,5,3
7008,9,7
7009,11,9
7010,6,4
7011,1,0
7012,9,6
7013,8,4
7014,5,3
7015,4,2
7016,6,2
7017,13,7
7018,9,3
7019,7,4
7020,3,1
7021,1,1
7022,2,1
7023,7,6
7024,4,3
7025,3,2
7027A,2,0
7027B,8,8
7028A,3,2
7028B,2,2
7029,3,1
7029A,1,1
7030,10,6
7031,15,5
7032A,4,4
7034,1,1
7035,3,3
7036,1,1
7037,2,2
7039A,2,2
7039B,1,1
7040A,1,1
7041,1,0
7042B,2,1
7043,7,5
7044A,5,1
7044B,6,4
7044C,2,0
7045,2,1
7045B,3,3
7046B,2,2
7047,4,2
7048,7,3
7049,3,2
7050,6,3
7052,6,4
7053,6,4
7054,8,3
7055,6,4
7055A,5,2
7056,12,11
7057,2,2
7059,4,1
7060,3,1
7061,3,1
7062,2,1
7063,7,4
7063A,1,0
7063B,1,0
7064,2,0
7064A,7,5
7065,5,2
7066,11,8
7067,5,1
7069,10,4
7070,11,8
7071,7,3
7072,4,2
7073,3,3
7075,1,1
7076,6,5
7077,5,1
7078,5,5
7079,7,7
7081A,3,3
7081B,2,2
7083,1,1
7084,3,1
7085,13,5
7086,7,4
7087,4,3
7088,11,5
7089,2,2
7090,4,4
7091,8,6
7092,10,4
7094,12,6
7096A,3,1
7096B,2,0
7096C,3,1
7097,10,4
7098,10,6
7099,4,2
7100,6,3
7101A,1,0
7101B,2,2
7102,6,5
7103,7,2
7104,10,2
7105,6,2
7106,14,5
7107,1,1
7108,3,2
7109,2,0
7109A,6,3
7110A,3,2
7110B,1,1
7111,2,2
7112,8,5
7113,11,6
7114,12,11
7115,1,1
7116,7,3
7117,9,7
7118,4,2
7119,2,0
7120,7,5
7121,3,1
7122,3,3
7123,1,1
7124,6,6
7125,3,3
7126A,5,3
7129,5,5
7130,3,2
7132,4,4
7133,2,0
7134,1,1
7135,12,11
7136,2,1
7137,5,4
7138,5,4
7139,1,0
7140,9,5
7141,2,2
7142,4,0
7143,6,4
7145,11,6
7146,4,3
7147,3,2
7148,2,2
7149,1,1
7150,7,5
7151,1,1
7154,3,1
7155,1,0
7156,4,2
7159,4,3
7161,7,7
7163,3,2
7164,6,4
7166,5,4
7167,2,2
7169,5,4
7170,1,1
7172,1,1
7173,6,4
7179,1,0
7203,5,3
7204,5,4
7205,5,3
7207,3,2
7208,4,1
7209,5,2
7210,9,8
7212,5,4
7213,2,2
7214,1,1
7215,3,3
7216,2,0
7217,9,2
7218,5,2
7219,3,2
7220,3,1
7221,2,0
7222,1,0
7223,4,3
7224,2,0
7225,4,3
7226,18,14
7229,3,1
7231,15,14
7232,4,3
7233,2,2
7234,5,4
7235,2,2
7237,2,1
7238,3,1
7238A,4,2
7239,2,2
7239A,6,4
7240,6,2
7241,4,2
7242,5,4
7243,2,2
7244,17,16
7245,2,1
7246,10,7
7247,6,3
7248,6,4
7249,7,7
7250,2,0
7251,9,6
7252,4,3
7253,7,5
7254,4,4
7255,16,8
7258,10,7
7259,4,2
7260,4,1
7260A,3,2
7261,5,3
7262,6,4
7263,2,1
7265,2,2
7266,3,3
7268,5,3
7269,1,0
7270,2,0
7272,5,3
7273,4,3
7274,4,4
7275,5,4
7276,5,2
7277,13,7
7278,3,2
7279,6,2
7281,6,1
7282,1,1
7283,2,0
7284,8,6
7295,60,15
7296,36,16
7299,1,1
7308,1,0
7309,2,2
7310,1,1
7311,1,1
7313,1,1
7317,3,3
7318,2,2
7322,1,1
7323,1,0
7324,1,0
7326,5,0
7330,6,1
7331,69,3
7332,1,1
7333,2,2
7334,1,1
7335,6,2
7342,2,2
7343,1,1
7344,2,2
7356,1,1
7380,11,4
7381,6,4
7501,26,11
7505,1,0
7506,5,3
7507,1,1
7508,1,1
7509,3,2
7510,3,3
7511,1,0
7512,7,3
7513,12,9
7514,6,5
7515A,11,11
7517,3,2
7518,4,4
7519,4,3
7520,8,4
7521,18,16
7522,4,2
7523,4,3
7525,1,1
7527,4,1
7528,9,3
7529,4,4
7530,10,10
7531,15,15
7532,3,1
7533,3,2
7534,5,3
7535,7,0
7536,5,1
7537,11,6
7538,13,7
7539,2,1
7540,3,1
7541,2,2
7542,4,3
7543,1,0
7544,8,3
7546,2,1
7547,3,3
7548,10,9
7549,5,3
7550,3,2
7551,7,4
7552,2,2
7553,7,5
7554,2,1
7555,1,1
8036,1,1
8078,1,1
8702,13,7
8703,1,0
8704,4,0
8705,4,1
8706,8,1
8707,1,0
8708,1,1
8709,10,3
8710,4,2
8711,26,8
8715,8,0
8719A,3,3
8719B,2,2
8719C,8,7
8720,3,2
8721,57,41
8722,29,12
8727,15,9
8732,1,0
8803,1,1
8901,5,2
8903,1,1
8906,3,3
8925,3,2
8928,7,6
8952,2,0
8954,1,1
9999,2,0
